"name","weekday","income"
Abraham Bennet,monday   ,19687184
Albert Ringer,monday   ,26095767
Ann Dull,monday   ,2251059
Anne Ringer,monday   ,3836333
Burt Gringlesby,monday   ,7105494
Charlene Locksley,monday   ,5946109
Cheryl Carson,monday   ,3670323
Dean Straight,monday   ,13807973
Dirk Stringer,monday   ,47511600
Heather McBadden,monday   ,18991189
Innes del Castillo,monday   ,14654026
Johnson White,monday   ,4847863
Livia Karsen,monday   ,10759483
Marjorie Green,monday   ,4964446
Meander Smith,monday   ,3698554
Michael O'Leary,monday   ,11290528
Michel DeFrance,monday   ,32040607
Morningstar Greene,monday   ,3496642
Reginald Blotchet-Halls,monday   ,4977103
Sheryl Hunter,monday   ,11937365
Stearns MacFeather,monday   ,2251524
Sylvia Panteley,monday   ,6168513
Abraham Bennet,tuesday  ,16460957
Albert Ringer,tuesday  ,26227025
Ann Dull,tuesday  ,2399294
Anne Ringer,tuesday  ,3995620
Burt Gringlesby,tuesday  ,4559079
Charlene Locksley,tuesday  ,6364511
Cheryl Carson,tuesday  ,6023760
Dean Straight,tuesday  ,10795596
Dirk Stringer,tuesday  ,41006973
Heather McBadden,tuesday  ,16940034
Innes del Castillo,tuesday  ,16082145
Johnson White,tuesday  ,7406556
Livia Karsen,tuesday  ,12884324
Marjorie Green,tuesday  ,4527374
Meander Smith,tuesday  ,3659008
Michael O'Leary,tuesday  ,4441148
Michel DeFrance,tuesday  ,24630391
Morningstar Greene,tuesday  ,5219529
Reginald Blotchet-Halls,tuesday  ,3934181
Sheryl Hunter,tuesday  ,10068055
Stearns MacFeather,tuesday  ,1389036
Sylvia Panteley,tuesday  ,4543939
Abraham Bennet,wednesday,22683225
Albert Ringer,wednesday,28422551
Ann Dull,wednesday,2506815
Anne Ringer,wednesday,3511492
Burt Gringlesby,wednesday,8095555
Charlene Locksley,wednesday,8488907
Cheryl Carson,wednesday,3141103
Dean Straight,wednesday,12804439
Dirk Stringer,wednesday,29673329
Heather McBadden,wednesday,12370391
Innes del Castillo,wednesday,15199051
Johnson White,wednesday,8071636
Livia Karsen,wednesday,15935555
Marjorie Green,wednesday,6914868
Meander Smith,wednesday,2668015
Michael O'Leary,wednesday,12206235
Michel DeFrance,wednesday,35720244
Morningstar Greene,wednesday,5920134
Reginald Blotchet-Halls,wednesday,5714597
Sheryl Hunter,wednesday,11143444
Stearns MacFeather,wednesday,1883925
Sylvia Panteley,wednesday,5122397
Abraham Bennet,thursday ,14570030
Albert Ringer,thursday ,24791058
Ann Dull,thursday ,2014952
Anne Ringer,thursday ,2337861
Burt Gringlesby,thursday ,6495137
Charlene Locksley,thursday ,6978221
Cheryl Carson,thursday ,4971334
Dean Straight,thursday ,13548808
Dirk Stringer,thursday ,49688625
Heather McBadden,thursday ,18347044
Innes del Castillo,thursday ,12801301
Johnson White,thursday ,5282759
Livia Karsen,thursday ,17787288
Marjorie Green,thursday ,5785331
Meander Smith,thursday ,3274075
Michael O'Leary,thursday ,7069200
Michel DeFrance,thursday ,36165016
Morningstar Greene,thursday ,3297527
Reginald Blotchet-Halls,thursday ,5995241
Sheryl Hunter,thursday ,7948783
Stearns MacFeather,thursday ,1952770
Sylvia Panteley,thursday ,8020967
Abraham Bennet,friday   ,20784307
Albert Ringer,friday   ,22418706
Ann Dull,friday   ,3150890
Anne Ringer,friday   ,2583059
Burt Gringlesby,friday   ,7821861
Charlene Locksley,friday   ,6999382
Cheryl Carson,friday   ,7064120
Dean Straight,friday   ,12347573
Dirk Stringer,friday   ,51865650
Heather McBadden,friday   ,18008817
Innes del Castillo,friday   ,15600467
Johnson White,friday   ,4286612
Livia Karsen,friday   ,9212664
Marjorie Green,friday   ,7209400
Meander Smith,friday   ,2583691
Michael O'Leary,friday   ,16409244
Michel DeFrance,friday   ,38497660
Morningstar Greene,friday   ,4362032
Reginald Blotchet-Halls,friday   ,7099514
Sheryl Hunter,friday   ,15548405
Stearns MacFeather,friday   ,1539400
Sylvia Panteley,friday   ,5450304
Abraham Bennet,saturday ,12116145
Albert Ringer,saturday ,26695341
Ann Dull,saturday ,3051686
Anne Ringer,saturday ,2463594
Burt Gringlesby,saturday ,6531308
Charlene Locksley,saturday ,8096512
Cheryl Carson,saturday ,4917316
Dean Straight,saturday ,15976346
Dirk Stringer,saturday ,51865650
Heather McBadden,saturday ,15663193
Innes del Castillo,saturday ,16727707
Johnson White,saturday ,7105267
Livia Karsen,saturday ,12348711
Marjorie Green,saturday ,7259989
Meander Smith,saturday ,2914520
Michael O'Leary,saturday ,9596501
Michel DeFrance,saturday ,40957100
Morningstar Greene,saturday ,3510680
Reginald Blotchet-Halls,saturday ,6125778
Sheryl Hunter,saturday ,10285970
Stearns MacFeather,saturday ,2595477
Sylvia Panteley,saturday ,4789549
Abraham Bennet,sunday   ,16683061
Albert Ringer,sunday   ,29064582
Ann Dull,sunday   ,2634778
Anne Ringer,sunday   ,2420638
Burt Gringlesby,sunday   ,8856899
Charlene Locksley,sunday   ,8792064
Cheryl Carson,sunday   ,3624984
Dean Straight,sunday   ,16059511
Dirk Stringer,sunday   ,50190040
Heather McBadden,sunday   ,23989939
Innes del Castillo,sunday   ,22265948
Johnson White,sunday   ,6343055
Livia Karsen,sunday   ,10539386
Marjorie Green,sunday   ,7659702
Meander Smith,sunday   ,4710441
Michael O'Leary,sunday   ,6995927
Michel DeFrance,sunday   ,35110145
Morningstar Greene,sunday   ,5111770
Reginald Blotchet-Halls,sunday   ,4650788
Sheryl Hunter,sunday   ,10199301
Stearns MacFeather,sunday   ,1736685
Sylvia Panteley,sunday   ,5468989
Abraham Bennet,monday   ,16384163
Albert Ringer,monday   ,31220302
Ann Dull,monday   ,2326924
Anne Ringer,monday   ,4038576
Burt Gringlesby,monday   ,7904312
Charlene Locksley,monday   ,9104145
Cheryl Carson,monday   ,7613745
Dean Straight,monday   ,11905939
Dirk Stringer,monday   ,56193251
Heather McBadden,monday   ,15069896
Innes del Castillo,monday   ,12217773
Johnson White,monday   ,5324180
Livia Karsen,monday   ,9762472
Marjorie Green,monday   ,5425756
Meander Smith,monday   ,2658689
Michael O'Leary,monday   ,7939111
Michel DeFrance,monday   ,33312337
Morningstar Greene,monday   ,3133828
Reginald Blotchet-Halls,monday   ,7741722
Sheryl Hunter,monday   ,9821702
Stearns MacFeather,monday   ,3127304
Sylvia Panteley,monday   ,3237037
Abraham Bennet,tuesday  ,18199024
Albert Ringer,tuesday  ,32908629
Ann Dull,tuesday  ,2458434
Anne Ringer,tuesday  ,5129430
Burt Gringlesby,tuesday  ,8408939
Charlene Locksley,tuesday  ,6168440
Cheryl Carson,tuesday  ,6620247
Dean Straight,tuesday  ,11168130
Dirk Stringer,tuesday  ,37154339
Heather McBadden,tuesday  ,14947836
Innes del Castillo,tuesday  ,18350336
Johnson White,tuesday  ,8563104
Livia Karsen,tuesday  ,2671055
Marjorie Green,tuesday  ,5604765
Meander Smith,tuesday  ,3347578
Michael O'Leary,tuesday  ,6135175
Michel DeFrance,tuesday  ,34047875
Morningstar Greene,tuesday  ,6215752
Reginald Blotchet-Halls,tuesday  ,5273424
Sheryl Hunter,tuesday  ,11910347
Stearns MacFeather,tuesday  ,1589341
Sylvia Panteley,tuesday  ,7036677
Abraham Bennet,wednesday,14631787
Albert Ringer,wednesday,26581538
Ann Dull,wednesday,2346145
Anne Ringer,wednesday,4764767
Burt Gringlesby,wednesday,10497286
Charlene Locksley,wednesday,6434627
Cheryl Carson,wednesday,5136777
Dean Straight,wednesday,14720858
Dirk Stringer,wednesday,53567707
Heather McBadden,wednesday,12905836
Innes del Castillo,wednesday,12993867
Johnson White,wednesday,5035919
Livia Karsen,wednesday,9297480
Marjorie Green,wednesday,9290688
Meander Smith,wednesday,3965954
Michael O'Leary,wednesday,10420616
Michel DeFrance,wednesday,22263137
Morningstar Greene,wednesday,6036168
Reginald Blotchet-Halls,wednesday,5726334
Sheryl Hunter,wednesday,9590424
Stearns MacFeather,wednesday,2062312
Sylvia Panteley,wednesday,4871877
Abraham Bennet,thursday ,18782684
Albert Ringer,thursday ,21237238
Ann Dull,thursday ,2793773
Anne Ringer,thursday ,3673913
Burt Gringlesby,thursday ,6500703
Charlene Locksley,thursday ,8146994
Cheryl Carson,thursday ,4267191
Dean Straight,thursday ,16974225
Dirk Stringer,thursday ,46561665
Heather McBadden,thursday ,22995826
Innes del Castillo,thursday ,13862620
Johnson White,thursday ,6216049
Livia Karsen,thursday ,12841916
Marjorie Green,thursday ,6349267
Meander Smith,thursday ,3604904
Michael O'Leary,thursday ,6986767
Michel DeFrance,thursday ,35428122
Morningstar Greene,thursday ,4717371
Reginald Blotchet-Halls,thursday ,5688501
Sheryl Hunter,thursday ,10471015
Stearns MacFeather,thursday ,2362423
Sylvia Panteley,thursday ,8097492
Abraham Bennet,friday   ,12097030
Albert Ringer,friday   ,30626187
Ann Dull,friday   ,3445540
Anne Ringer,friday   ,5414449
Burt Gringlesby,friday   ,7188224
Charlene Locksley,friday   ,7692896
Cheryl Carson,friday   ,6165450
Dean Straight,friday   ,11802986
Dirk Stringer,friday   ,45361023
Heather McBadden,friday   ,17990239
Innes del Castillo,friday   ,13253957
Johnson White,friday   ,4653961
Livia Karsen,friday   ,12380517
Marjorie Green,friday   ,8970695
Meander Smith,friday   ,5423214
Michael O'Leary,friday   ,11327164
Michel DeFrance,friday   ,41725126
Morningstar Greene,friday   ,3684169
Reginald Blotchet-Halls,friday   ,7822646
Sheryl Hunter,friday   ,10081711
Stearns MacFeather,friday   ,2159958
Sylvia Panteley,friday   ,6597940
Abraham Bennet,saturday ,13969145
Albert Ringer,saturday ,25120896
Ann Dull,saturday ,2530493
Anne Ringer,saturday ,4645302
Burt Gringlesby,saturday ,7201116
Charlene Locksley,saturday ,4193969
Cheryl Carson,saturday ,3757194
Dean Straight,saturday ,12967664
Dirk Stringer,saturday ,67526895
Heather McBadden,saturday ,19217981
Innes del Castillo,saturday ,26517736
Johnson White,saturday ,7499285
Livia Karsen,saturday ,11085601
Marjorie Green,saturday ,7212180
Meander Smith,saturday ,2710550
Michael O'Leary,saturday ,13030350
Michel DeFrance,saturday ,36038220
Morningstar Greene,saturday ,5220280
Reginald Blotchet-Halls,saturday ,5795520
Sheryl Hunter,saturday ,11814216
Stearns MacFeather,saturday ,2820826
Sylvia Panteley,saturday ,6145872
Abraham Bennet,sunday   ,12580195
Albert Ringer,sunday   ,24169694
Ann Dull,sunday   ,2699909
Anne Ringer,sunday   ,3591135
Burt Gringlesby,sunday   ,6283398
Charlene Locksley,sunday   ,7157973
Cheryl Carson,sunday   ,4217322
Dean Straight,sunday   ,12166343
Dirk Stringer,sunday   ,52089909
Heather McBadden,sunday   ,14195121
Innes del Castillo,sunday   ,17649986
Johnson White,sunday   ,5505380
Livia Karsen,sunday   ,8388958
Marjorie Green,sunday   ,5592534
Meander Smith,sunday   ,6371671
Michael O'Leary,sunday   ,7911634
Michel DeFrance,sunday   ,33035780
Morningstar Greene,sunday   ,4548475
Reginald Blotchet-Halls,sunday   ,6151874
Sheryl Hunter,sunday   ,9971924
Stearns MacFeather,sunday   ,1514356
Sylvia Panteley,sunday   ,4033109
Abraham Bennet,monday   ,13485559
Albert Ringer,monday   ,29268566
Ann Dull,monday   ,2487167
Anne Ringer,monday   ,3958932
Burt Gringlesby,monday   ,6421035
Charlene Locksley,monday   ,6782150
Cheryl Carson,monday   ,6044546
Dean Straight,monday   ,17417198
Dirk Stringer,monday   ,48962950
Heather McBadden,monday   ,20906735
Innes del Castillo,monday   ,14938620
Johnson White,monday   ,7753645
Livia Karsen,monday   ,10245075
Marjorie Green,monday   ,8698511
Meander Smith,monday   ,3092494
Michael O'Leary,monday   ,10457253
Michel DeFrance,monday   ,28143345
Morningstar Greene,monday   ,2823176
Reginald Blotchet-Halls,monday   ,7891832
Sheryl Hunter,monday   ,7468908
Stearns MacFeather,monday   ,1580570
Sylvia Panteley,monday   ,6449353
Abraham Bennet,tuesday  ,16748059
Albert Ringer,tuesday  ,33919125
Ann Dull,tuesday  ,2255204
Anne Ringer,tuesday  ,3833199
Burt Gringlesby,tuesday  ,7601037
Charlene Locksley,tuesday  ,6309441
Cheryl Carson,tuesday  ,7353093
Dean Straight,tuesday  ,13190555
Dirk Stringer,tuesday  ,45835990
Heather McBadden,tuesday  ,22387908
Innes del Castillo,tuesday  ,19645979
Johnson White,tuesday  ,4752982
Livia Karsen,tuesday  ,6175628
Marjorie Green,tuesday  ,5631117
Meander Smith,tuesday  ,4359465
Michael O'Leary,tuesday  ,12197076
Michel DeFrance,tuesday  ,32801233
Morningstar Greene,tuesday  ,6839482
Reginald Blotchet-Halls,tuesday  ,6187126
Sheryl Hunter,tuesday  ,15351655
Stearns MacFeather,tuesday  ,2334852
Sylvia Panteley,tuesday  ,6008738
Abraham Bennet,wednesday,17259606
Albert Ringer,wednesday,30534329
Ann Dull,wednesday,3347219
Anne Ringer,wednesday,2907900
Burt Gringlesby,wednesday,6346934
Charlene Locksley,wednesday,8894562
Cheryl Carson,wednesday,4821346
Dean Straight,wednesday,7350777
Dirk Stringer,wednesday,45585283
Heather McBadden,wednesday,20993289
Innes del Castillo,wednesday,11659379
Johnson White,wednesday,3949367
Livia Karsen,wednesday,11897914
Marjorie Green,wednesday,9713082
Meander Smith,wednesday,5083059
Michael O'Leary,wednesday,11345483
Michel DeFrance,wednesday,33420854
Morningstar Greene,wednesday,3384856
Reginald Blotchet-Halls,wednesday,4308796
Sheryl Hunter,wednesday,11532748
Stearns MacFeather,wednesday,2243121
Sylvia Panteley,wednesday,3512491
Abraham Bennet,thursday ,18915088
Albert Ringer,thursday ,37547649
Ann Dull,thursday ,3221726
Anne Ringer,thursday ,3067186
Burt Gringlesby,thursday ,8021454
Charlene Locksley,thursday ,9262224
Cheryl Carson,thursday ,4241876
Dean Straight,thursday ,10171957
Dirk Stringer,thursday ,61022268
Heather McBadden,thursday ,28621316
Innes del Castillo,thursday ,20736320
Johnson White,thursday ,5900874
Livia Karsen,thursday ,7417534
Marjorie Green,thursday ,7173597
Meander Smith,thursday ,5422467
Michael O'Leary,thursday ,11354642
Michel DeFrance,thursday ,33094121
Morningstar Greene,thursday ,3684970
Reginald Blotchet-Halls,thursday ,6254995
Sheryl Hunter,thursday ,10268706
Stearns MacFeather,thursday ,1522798
Sylvia Panteley,thursday ,8308350
Abraham Bennet,friday   ,11573829
Albert Ringer,friday   ,29564483
Ann Dull,friday   ,2579470
Anne Ringer,friday   ,3024230
Burt Gringlesby,friday   ,12396158
Charlene Locksley,friday   ,7208966
Cheryl Carson,friday   ,7589572
Dean Straight,friday   ,12840083
Dirk Stringer,friday   ,44635348
Heather McBadden,friday   ,15250010
Innes del Castillo,friday   ,18388208
Johnson White,friday   ,6148319
Livia Karsen,friday   ,15694254
Marjorie Green,friday   ,6079863
Meander Smith,friday   ,2946235
Michael O'Leary,friday   ,9678934
Michel DeFrance,friday   ,29171005
Morningstar Greene,friday   ,4186326
Reginald Blotchet-Halls,friday   ,7263986
Sheryl Hunter,friday   ,7752327
Stearns MacFeather,friday   ,2050541
Sylvia Panteley,friday   ,5999427
Abraham Bennet,saturday ,19388450
Albert Ringer,saturday ,30130396
Ann Dull,saturday ,2465335
Anne Ringer,saturday ,3474805
Burt Gringlesby,saturday ,8509103
Charlene Locksley,saturday ,8037359
Cheryl Carson,saturday ,4796030
Dean Straight,saturday ,16347576
Dirk Stringer,saturday ,36177956
Heather McBadden,saturday ,9745042
Innes del Castillo,saturday ,18309889
Johnson White,saturday ,5595192
Livia Karsen,saturday ,11032591
Marjorie Green,saturday ,7583095
Meander Smith,saturday ,3318105
Michael O'Leary,saturday ,9596501
Michel DeFrance,saturday ,34065563
Morningstar Greene,saturday ,5286429
Reginald Blotchet-Halls,saturday ,5884278
Sheryl Hunter,saturday ,9097186
Stearns MacFeather,saturday ,1490873
Sylvia Panteley,saturday ,7592017
Abraham Bennet,sunday   ,10446275
Albert Ringer,sunday   ,22224894
Ann Dull,sunday   ,2651217
Anne Ringer,sunday   ,3919111
Burt Gringlesby,sunday   ,10530395
Charlene Locksley,sunday   ,7024115
Cheryl Carson,sunday   ,6102332
Dean Straight,sunday   ,14025329
Dirk Stringer,sunday   ,39080656
Heather McBadden,sunday   ,20770924
Innes del Castillo,sunday   ,15510382
Johnson White,sunday   ,5826805
Livia Karsen,sunday   ,4082593
Marjorie Green,sunday   ,9097001
Meander Smith,sunday   ,4350139
Michael O'Leary,sunday   ,6153493
Michel DeFrance,sunday   ,34140826
Morningstar Greene,sunday   ,6036363
Reginald Blotchet-Halls,sunday   ,6589152
Sheryl Hunter,sunday   ,14324743
Stearns MacFeather,sunday   ,1294285
Sylvia Panteley,sunday   ,6422990
Abraham Bennet,monday   ,10012033
Albert Ringer,monday   ,39988014
Ann Dull,monday   ,2794085
Anne Ringer,monday   ,4602346
Burt Gringlesby,monday   ,7370839
Charlene Locksley,monday   ,8306095
Cheryl Carson,monday   ,4146286
Dean Straight,monday   ,13881007
Dirk Stringer,monday   ,51139975
Heather McBadden,monday   ,21107242
Innes del Castillo,monday   ,15160207
Johnson White,monday   ,6093415
Livia Karsen,monday   ,8340332
Marjorie Green,monday   ,4090526
Meander Smith,monday   ,2317786
Michael O'Leary,monday   ,10493890
Michel DeFrance,monday   ,34307510
Morningstar Greene,monday   ,5322841
Reginald Blotchet-Halls,monday   ,7168701
Sheryl Hunter,monday   ,11212850
Stearns MacFeather,monday   ,1362307
Sylvia Panteley,monday   ,6645990
Abraham Bennet,tuesday  ,23784730
Albert Ringer,tuesday  ,34321735
Ann Dull,tuesday  ,3193930
Anne Ringer,tuesday  ,4562525
Burt Gringlesby,tuesday  ,7651859
Charlene Locksley,tuesday  ,7370617
Cheryl Carson,tuesday  ,5479388
Dean Straight,tuesday  ,10092406
Dirk Stringer,tuesday  ,43658965
Heather McBadden,tuesday  ,11631014
Innes del Castillo,tuesday  ,19841461
Johnson White,tuesday  ,5535399
Livia Karsen,tuesday  ,10518182
Marjorie Green,tuesday  ,4681812
Meander Smith,tuesday  ,3348326
Michael O'Leary,tuesday  ,7957430
Michel DeFrance,tuesday  ,32985604
Morningstar Greene,tuesday  ,3212181
Reginald Blotchet-Halls,tuesday  ,5517502
Sheryl Hunter,tuesday  ,9914224
Stearns MacFeather,tuesday  ,1493524
Sylvia Panteley,tuesday  ,6434178
Abraham Bennet,wednesday,14253544
Albert Ringer,wednesday,32223207
Ann Dull,wednesday,2454602
Anne Ringer,wednesday,4078397
Burt Gringlesby,wednesday,9660259
Charlene Locksley,wednesday,7792844
Cheryl Carson,wednesday,3799906
Dean Straight,wednesday,11795369
Dirk Stringer,wednesday,58845244
Heather McBadden,wednesday,10585961
Innes del Castillo,wednesday,24652274
Johnson White,wednesday,7637780
Livia Karsen,wednesday,12767702
Marjorie Green,wednesday,6555293
Meander Smith,wednesday,3784373
Michael O'Leary,wednesday,8754068
Michel DeFrance,wednesday,32182968
Morningstar Greene,wednesday,3280128
Reginald Blotchet-Halls,wednesday,5251223
Sheryl Hunter,wednesday,11735057
Stearns MacFeather,wednesday,1437912
Sylvia Panteley,wednesday,6625906
Abraham Bennet,thursday ,14926614
Albert Ringer,thursday ,27082907
Ann Dull,thursday ,1658432
Anne Ringer,thursday ,4728080
Burt Gringlesby,thursday ,5928276
Charlene Locksley,thursday ,8274225
Cheryl Carson,thursday ,5472612
Dean Straight,thursday ,13360928
Dirk Stringer,thursday ,50163592
Heather McBadden,thursday ,26118673
Innes del Castillo,thursday ,15809317
Johnson White,thursday ,5004569
Livia Karsen,thursday ,8205050
Marjorie Green,thursday ,6310684
Meander Smith,thursday ,5400825
Michael O'Leary,thursday ,11318005
Michel DeFrance,thursday ,28375769
Morningstar Greene,thursday ,3019260
Reginald Blotchet-Halls,thursday ,8852520
Sheryl Hunter,thursday ,9922027
Stearns MacFeather,thursday ,1478364
Sylvia Panteley,thursday ,6120462
Abraham Bennet,friday   ,15053619
Albert Ringer,friday   ,19305995
Ann Dull,friday   ,2102513
Anne Ringer,friday   ,2864944
Burt Gringlesby,friday   ,7883816
Charlene Locksley,friday   ,5637088
Cheryl Carson,friday   ,7095830
Dean Straight,friday   ,11611184
Dirk Stringer,friday   ,42933290
Heather McBadden,friday   ,23142284
Innes del Castillo,friday   ,19283067
Johnson White,friday   ,4248020
Livia Karsen,friday   ,8194448
Marjorie Green,friday   ,6630677
Meander Smith,friday   ,3614978
Michael O'Leary,friday   ,7874997
Michel DeFrance,friday   ,26144242
Morningstar Greene,friday   ,4552354
Reginald Blotchet-Halls,friday   ,7770450
Sheryl Hunter,friday   ,10197350
Stearns MacFeather,friday   ,2171012
Sylvia Panteley,friday   ,5922871
Abraham Bennet,saturday ,22023196
Albert Ringer,saturday ,14909343
Ann Dull,saturday ,3309599
Anne Ringer,saturday ,1372740
Burt Gringlesby,saturday ,9119461
Charlene Locksley,saturday ,5475437
Cheryl Carson,saturday ,3305784
Dean Straight,saturday ,13679021
Dirk Stringer,saturday ,60520853
Heather McBadden,saturday ,15587778
Innes del Castillo,saturday ,16093911
Johnson White,saturday ,7234798
Livia Karsen,saturday ,935944
Marjorie Green,saturday ,8826931
Meander Smith,saturday ,3254676
Michael O'Leary,saturday ,8726590
Michel DeFrance,saturday ,31455596
Morningstar Greene,saturday ,3480843
Reginald Blotchet-Halls,saturday ,6068326
Sheryl Hunter,saturday ,11792757
Stearns MacFeather,saturday ,1622234
Sylvia Panteley,saturday ,5946466
Abraham Bennet,sunday   ,15079773
Albert Ringer,sunday   ,26001205
Ann Dull,sunday   ,2916030
Anne Ringer,sunday   ,3839468
Burt Gringlesby,sunday   ,6428361
Charlene Locksley,sunday   ,6279609
Cheryl Carson,sunday   ,5157943
Dean Straight,sunday   ,10020219
Dirk Stringer,sunday   ,50889267
Heather McBadden,sunday   ,22654923
Innes del Castillo,sunday   ,24353339
Johnson White,sunday   ,8618642
Livia Karsen,sunday   ,10152201
Marjorie Green,sunday   ,6375061
Meander Smith,sunday   ,5072238
Michael O'Leary,sunday   ,13048668
Michel DeFrance,sunday   ,25567988
Morningstar Greene,sunday   ,5083448
Reginald Blotchet-Halls,sunday   ,6384218
Sheryl Hunter,sunday   ,11709989
Stearns MacFeather,sunday   ,1812782
Sylvia Panteley,sunday   ,6586751
Abraham Bennet,monday   ,13428763
Albert Ringer,monday   ,22041143
Ann Dull,monday   ,2168865
Anne Ringer,monday   ,4121353
Burt Gringlesby,monday   ,8893349
Charlene Locksley,monday   ,6601377
Cheryl Carson,monday   ,4407318
Dean Straight,monday   ,12737556
Dirk Stringer,monday   ,55968992
Heather McBadden,monday   ,19190861
Innes del Castillo,monday   ,20878617
Johnson White,monday   ,5120362
Livia Karsen,monday   ,8897148
Marjorie Green,monday   ,8274560
Meander Smith,monday   ,4049530
Michael O'Leary,monday   ,7032563
Michel DeFrance,monday   ,22213727
Morningstar Greene,monday   ,3929337
Reginald Blotchet-Halls,monday   ,7578565
Sheryl Hunter,monday   ,11149297
Stearns MacFeather,monday   ,2109030
Sylvia Panteley,monday   ,6799901
Abraham Bennet,tuesday  ,16131139
Albert Ringer,tuesday  ,29840766
Ann Dull,tuesday  ,1520333
Anne Ringer,tuesday  ,3548180
Burt Gringlesby,tuesday  ,5813461
Charlene Locksley,tuesday  ,7424671
Cheryl Carson,tuesday  ,1793991
Dean Straight,tuesday  ,13915225
Dirk Stringer,tuesday  ,47511600
Heather McBadden,tuesday  ,17175981
Innes del Castillo,tuesday  ,19504655
Johnson White,tuesday  ,5416301
Livia Karsen,tuesday  ,9947170
Marjorie Green,tuesday  ,6285889
Meander Smith,tuesday  ,3689228
Michael O'Leary,tuesday  ,5283582
Michel DeFrance,tuesday  ,28252452
Morningstar Greene,tuesday  ,4344817
Reginald Blotchet-Halls,tuesday  ,7448030
Sheryl Hunter,tuesday  ,9388115
Stearns MacFeather,tuesday  ,1721420
Sylvia Panteley,tuesday  ,7955448
Abraham Bennet,wednesday,15830734
Albert Ringer,wednesday,18314662
Ann Dull,wednesday,2673646
Anne Ringer,wednesday,2907900
Burt Gringlesby,wednesday,8084144
Charlene Locksley,wednesday,7232677
Cheryl Carson,wednesday,4374847
Dean Straight,wednesday,9461619
Dirk Stringer,wednesday,61272976
Heather McBadden,wednesday,21342600
Innes del Castillo,wednesday,13162270
Johnson White,wednesday,8111714
Livia Karsen,wednesday,9971967
Marjorie Green,wednesday,5914084
Meander Smith,wednesday,4029383
Michael O'Leary,wednesday,9651456
Michel DeFrance,wednesday,34507447
Morningstar Greene,wednesday,3889194
Reginald Blotchet-Halls,wednesday,6847595
Sheryl Hunter,wednesday,7642247
Stearns MacFeather,wednesday,2439586
Sylvia Panteley,wednesday,6178302
Abraham Bennet,thursday ,12840580
Albert Ringer,thursday ,31652966
Ann Dull,thursday ,2803908
Anne Ringer,thursday ,4884232
Burt Gringlesby,thursday ,8767122
Charlene Locksley,thursday ,7953984
Cheryl Carson,thursday ,5128859
Dean Straight,thursday ,13911318
Dirk Stringer,thursday ,53791967
Heather McBadden,thursday ,12494615
Innes del Castillo,thursday ,19517392
Johnson White,thursday ,7146457
Livia Karsen,thursday ,6349724
Marjorie Green,thursday ,5735075
Meander Smith,thursday ,2603838
Michael O'Leary,thursday ,5320219
Michel DeFrance,thursday ,32275154
Morningstar Greene,thursday ,2387217
Reginald Blotchet-Halls,thursday ,5441791
Sheryl Hunter,thursday ,10002844
Stearns MacFeather,thursday ,1632196
Sylvia Panteley,thursday ,7181276
Abraham Bennet,friday   ,17299536
Albert Ringer,friday   ,19215082
Ann Dull,friday   ,2502982
Anne Ringer,friday   ,4075263
Burt Gringlesby,friday   ,6525006
Charlene Locksley,friday   ,6623560
Cheryl Carson,friday   ,5397809
Dean Straight,friday   ,11468567
Dirk Stringer,friday   ,40281298
Heather McBadden,friday   ,19948616
Innes del Castillo,friday   ,13099264
Johnson White,friday   ,5525743
Livia Karsen,friday   ,12065002
Marjorie Green,friday   ,11524967
Meander Smith,friday   ,3669828
Michael O'Leary,friday   ,12123802
Michel DeFrance,friday   ,36590744
Morningstar Greene,friday   ,7379986
Reginald Blotchet-Halls,friday   ,6670075
Sheryl Hunter,friday   ,10642403
Stearns MacFeather,friday   ,2212901
Sylvia Panteley,friday   ,4452269
Abraham Bennet,saturday ,13774826
Albert Ringer,saturday ,28545151
Ann Dull,saturday ,2754280
Anne Ringer,saturday ,3912842
Burt Gringlesby,saturday ,9946100
Charlene Locksley,saturday ,7746439
Cheryl Carson,saturday ,5185885
Dean Straight,saturday ,14103508
Dirk Stringer,saturday ,52564877
Heather McBadden,saturday ,14670317
Innes del Castillo,saturday ,14330929
Johnson White,saturday ,5823443
Livia Karsen,saturday ,9826084
Marjorie Green,saturday ,5322131
Meander Smith,saturday ,4029383
Michael O'Leary,saturday ,12187916
Michel DeFrance,saturday ,43089807
Morningstar Greene,saturday ,3640566
Reginald Blotchet-Halls,saturday ,6636138
Sheryl Hunter,saturday ,11446079
Stearns MacFeather,saturday ,2740293
Sylvia Panteley,saturday ,4654262
Abraham Bennet,sunday   ,23145399
Albert Ringer,sunday   ,26545905
Ann Dull,sunday   ,2426779
Anne Ringer,sunday   ,3309250
Burt Gringlesby,sunday   ,8063926
Charlene Locksley,sunday   ,8469274
Cheryl Carson,sunday   ,4983781
Dean Straight,sunday   ,11449234
Dirk Stringer,sunday   ,57644601
Heather McBadden,sunday   ,22672407
Innes del Castillo,sunday   ,13992520
Johnson White,sunday   ,7642386
Livia Karsen,sunday   ,10833697
Marjorie Green,sunday   ,7066859
Meander Smith,sunday   ,2925341
Michael O'Leary,sunday   ,6968449
Michel DeFrance,sunday   ,40304991
Morningstar Greene,sunday   ,3604400
Reginald Blotchet-Halls,sunday   ,5828143
Sheryl Hunter,sunday   ,12103195
Stearns MacFeather,sunday   ,1993591
Sylvia Panteley,sunday   ,7224894
Abraham Bennet,monday   ,15203984
Albert Ringer,monday   ,28015438
Ann Dull,monday   ,2465335
Anne Ringer,monday   ,2947721
Burt Gringlesby,monday   ,7296738
Charlene Locksley,monday   ,7851997
Cheryl Carson,monday   ,4424716
Dean Straight,monday   ,13754796
Dirk Stringer,monday   ,49688625
Heather McBadden,monday   ,22684005
Innes del Castillo,monday   ,11386551
Johnson White,monday   ,6304533
Livia Karsen,monday   ,5111411
Marjorie Green,monday   ,5913418
Meander Smith,monday   ,3955133
Michael O'Leary,monday   ,14761013
Michel DeFrance,monday   ,38697597
Morningstar Greene,monday   ,4546062
Reginald Blotchet-Halls,monday   ,5952154
Sheryl Hunter,monday   ,11731155
Stearns MacFeather,monday   ,1115654
Sylvia Panteley,monday   ,5106776
Abraham Bennet,tuesday  ,18919715
Albert Ringer,tuesday  ,30043970
Ann Dull,tuesday  ,3085473
Anne Ringer,tuesday  ,4118219
Burt Gringlesby,tuesday  ,8046214
Charlene Locksley,tuesday  ,5795678
Cheryl Carson,tuesday  ,6309346
Dean Straight,tuesday  ,11292149
Dirk Stringer,tuesday  ,66801220
Heather McBadden,tuesday  ,17828101
Innes del Castillo,tuesday  ,16404611
Johnson White,tuesday  ,7964950
Livia Karsen,tuesday  ,17311694
Marjorie Green,tuesday  ,6541173
Meander Smith,tuesday  ,6837191
Michael O'Leary,tuesday  ,7893315
Michel DeFrance,tuesday  ,31890080
Morningstar Greene,tuesday  ,3305851
Reginald Blotchet-Halls,tuesday  ,7326649
Sheryl Hunter,tuesday  ,9025830
Stearns MacFeather,tuesday  ,2171033
Sylvia Panteley,tuesday  ,3898298
Abraham Bennet,wednesday,11087699
Albert Ringer,wednesday,22133359
Ann Dull,wednesday,2635402
Anne Ringer,wednesday,2583059
Burt Gringlesby,wednesday,9541358
Charlene Locksley,wednesday,7104430
Cheryl Carson,wednesday,4950929
Dean Straight,wednesday,12743216
Dirk Stringer,wednesday,30649712
Heather McBadden,wednesday,18924861
Innes del Castillo,wednesday,20255614
Johnson White,wednesday,5890856
Livia Karsen,wednesday,14388736
Marjorie Green,wednesday,6272659
Meander Smith,wednesday,3976775
Michael O'Leary,wednesday,7920793
Michel DeFrance,wednesday,31881323
Morningstar Greene,wednesday,6022548
Reginald Blotchet-Halls,wednesday,5166360
Sheryl Hunter,wednesday,12104852
Stearns MacFeather,wednesday,2147530
Sylvia Panteley,wednesday,5078747
Abraham Bennet,thursday ,15909814
Albert Ringer,thursday ,25553931
Ann Dull,thursday ,2832615
Anne Ringer,thursday ,4602346
Burt Gringlesby,thursday ,7312691
Charlene Locksley,thursday ,6066453
Cheryl Carson,thursday ,6044165
Dean Straight,thursday ,14470695
Dirk Stringer,thursday ,34726606
Heather McBadden,thursday ,18237549
Innes del Castillo,thursday ,13552261
Johnson White,thursday ,5928119
Livia Karsen,thursday ,11242086
Marjorie Green,thursday ,5899630
Meander Smith,thursday ,3689975
Michael O'Leary,thursday ,15612606
Michel DeFrance,thursday ,35059970
Morningstar Greene,thursday ,5483561
Reginald Blotchet-Halls,thursday ,6232798
Sheryl Hunter,thursday ,15700523
Stearns MacFeather,thursday ,1501966
Sylvia Panteley,thursday ,5706657
Abraham Bennet,friday   ,15688162
Albert Ringer,friday   ,42404974
Ann Dull,friday   ,2310512
Anne Ringer,friday   ,2301173
Burt Gringlesby,friday   ,9377480
Charlene Locksley,friday   ,6865525
Cheryl Carson,friday   ,4800560
Dean Straight,friday   ,17244621
Dirk Stringer,friday   ,69453212
Heather McBadden,friday   ,9308707
Innes del Castillo,friday   ,16974429
Johnson White,friday   ,8851945
Livia Karsen,friday   ,9794278
Marjorie Green,friday   ,8199509
Meander Smith,friday   ,4329245
Michael O'Leary,friday   ,10512208
Michel DeFrance,friday   ,35077658
Morningstar Greene,friday   ,4413429
Reginald Blotchet-Halls,friday   ,7188273
Sheryl Hunter,friday   ,10486621
Stearns MacFeather,friday   ,2351125
Sylvia Panteley,friday   ,8665684
Abraham Bennet,saturday ,15375995
Albert Ringer,saturday ,29061033
Ann Dull,saturday ,2749225
Anne Ringer,saturday ,1813911
Burt Gringlesby,saturday ,7074890
Charlene Locksley,saturday ,8624803
Cheryl Carson,saturday ,5136777
Dean Straight,saturday ,11136247
Dirk Stringer,saturday ,68978245
Heather McBadden,saturday ,20766207
Innes del Castillo,saturday ,16754786
Johnson White,saturday ,8493385
Livia Karsen,saturday ,10748881
Marjorie Green,saturday ,6914535
Meander Smith,saturday ,4285962
Michael O'Leary,saturday ,12206235
Michel DeFrance,saturday ,29950675
Morningstar Greene,saturday ,4331297
Reginald Blotchet-Halls,saturday ,6198860
Sheryl Hunter,saturday ,9800536
Stearns MacFeather,saturday ,1485326
Sylvia Panteley,saturday ,8589636
Abraham Bennet,sunday   ,15311396
Albert Ringer,sunday   ,28737232
Ann Dull,sunday   ,1987467
Anne Ringer,sunday   ,2540103
Burt Gringlesby,sunday   ,12109294
Charlene Locksley,sunday   ,6628659
Cheryl Carson,sunday   ,5029121
Dean Straight,sunday   ,10217007
Dirk Stringer,sunday   ,45361023
Heather McBadden,sunday   ,21099203
Innes del Castillo,sunday   ,11723357
Johnson White,sunday   ,6795008
Livia Karsen,sunday   ,11053795
Marjorie Green,sunday   ,8661152
Meander Smith,sunday   ,3720196
Michael O'Leary,sunday   ,12197076
Michel DeFrance,sunday   ,30175700
Morningstar Greene,sunday   ,3626910
Reginald Blotchet-Halls,sunday   ,4474582
Sheryl Hunter,sunday   ,8621212
Stearns MacFeather,sunday   ,2923629
Sylvia Panteley,sunday   ,8044085
Abraham Bennet,monday   ,13644722
Albert Ringer,monday   ,21742841
Ann Dull,monday   ,3271042
Anne Ringer,monday   ,4081531
Burt Gringlesby,monday   ,9467535
Charlene Locksley,monday   ,8572282
Cheryl Carson,monday   ,4821726
Dean Straight,monday   ,11456382
Dirk Stringer,monday   ,48013015
Heather McBadden,monday   ,16826626
Innes del Castillo,monday   ,22978405
Johnson White,monday   ,6627161
Livia Karsen,monday   ,10475774
Marjorie Green,monday   ,4925531
Meander Smith,monday   ,2317039
Michael O'Leary,monday   ,6977608
Michel DeFrance,monday   ,35118311
Morningstar Greene,monday   ,4975162
Reginald Blotchet-Halls,monday   ,9223237
Sheryl Hunter,monday   ,10916068
Stearns MacFeather,monday   ,2528071
Sylvia Panteley,monday   ,8888208
Abraham Bennet,tuesday  ,17427711
Albert Ringer,tuesday  ,23718634
Ann Dull,tuesday  ,3013415
Anne Ringer,tuesday  ,4038576
Burt Gringlesby,tuesday  ,7710286
Charlene Locksley,tuesday  ,7580711
Cheryl Carson,tuesday  ,5597666
Dean Straight,tuesday  ,12845186
Dirk Stringer,tuesday  ,55494024
Heather McBadden,tuesday  ,16833797
Innes del Castillo,tuesday  ,23368396
Johnson White,tuesday  ,6829113
Livia Karsen,tuesday  ,9212664
Marjorie Green,tuesday  ,8354280
Meander Smith,tuesday  ,4391927
Michael O'Leary,tuesday  ,11308846
Michel DeFrance,tuesday  ,22371654
Morningstar Greene,tuesday  ,3888579
Reginald Blotchet-Halls,tuesday  ,6610038
Sheryl Hunter,tuesday  ,9014125
Stearns MacFeather,tuesday  ,3212665
Sylvia Panteley,tuesday  ,6569434
Abraham Bennet,wednesday,17560172
Albert Ringer,wednesday,34036060
Ann Dull,wednesday,2305118
Anne Ringer,wednesday,5291850
Burt Gringlesby,wednesday,9047118
Charlene Locksley,wednesday,9270384
Cheryl Carson,wednesday,5654692
Dean Straight,wednesday,9285846
Dirk Stringer,wednesday,41006973
Heather McBadden,wednesday,15713318
Innes del Castillo,wednesday,17234861
Johnson White,wednesday,4998944
Livia Karsen,wednesday,11624807
Marjorie Green,wednesday,5516484
Meander Smith,wednesday,2531829
Michael O'Leary,wednesday,10475572
Michel DeFrance,wednesday,32952351
Morningstar Greene,wednesday,4008391
Reginald Blotchet-Halls,wednesday,5927369
Sheryl Hunter,wednesday,8996861
Stearns MacFeather,wednesday,1091103
Sylvia Panteley,wednesday,6119985
Abraham Bennet,thursday ,19367494
Albert Ringer,thursday ,30937792
Ann Dull,thursday ,2782103
Anne Ringer,thursday ,2947721
Burt Gringlesby,thursday ,6481966
Charlene Locksley,thursday ,6808411
Cheryl Carson,thursday ,3648396
Dean Straight,thursday ,11001101
Dirk Stringer,thursday ,50163592
Heather McBadden,thursday ,28879130
Innes del Castillo,thursday ,24248914
Johnson White,thursday ,9140927
Livia Karsen,thursday ,17248082
Marjorie Green,thursday ,8083320
Meander Smith,thursday ,5030450
Michael O'Leary,thursday ,8708272
Michel DeFrance,thursday ,39417570
Morningstar Greene,thursday ,6726898
Reginald Blotchet-Halls,thursday ,5406542
Sheryl Hunter,thursday ,11239868
Stearns MacFeather,thursday ,1495209
Sylvia Panteley,thursday ,4032663
Abraham Bennet,friday   ,14243701
Albert Ringer,friday   ,27587805
Ann Dull,friday   ,2453380
Anne Ringer,friday   ,2420638
Burt Gringlesby,friday   ,9033948
Charlene Locksley,friday   ,8603642
Cheryl Carson,friday   ,5622220
Dean Straight,friday   ,12901240
Dirk Stringer,friday   ,73081587
Heather McBadden,friday   ,18790155
Innes del Castillo,friday   ,19607136
Johnson White,friday   ,7209034
Livia Karsen,friday   ,14083822
Marjorie Green,friday   ,7377401
Meander Smith,friday   ,1934348
Michael O'Leary,friday   ,7005086
Michel DeFrance,friday   ,31555947
Morningstar Greene,friday   ,6537856
Reginald Blotchet-Halls,friday   ,5728959
Sheryl Hunter,friday   ,9318710
Stearns MacFeather,friday   ,2048343
Sylvia Panteley,friday   ,4330758
Abraham Bennet,saturday ,17027948
Albert Ringer,saturday ,24009660
Ann Dull,saturday ,2376552
Anne Ringer,saturday ,4522703
Burt Gringlesby,saturday ,7827427
Charlene Locksley,saturday ,5507819
Cheryl Carson,saturday ,4345382
Dean Straight,saturday ,9688193
Dirk Stringer,saturday ,48738690
Heather McBadden,saturday ,23529386
Innes del Castillo,saturday ,14835167
Johnson White,saturday ,4441360
Livia Karsen,saturday ,12611216
Marjorie Green,saturday ,6593318
Meander Smith,saturday ,3265496
Michael O'Leary,saturday ,7014245
Michel DeFrance,saturday ,25198479
Morningstar Greene,saturday ,3482026
Reginald Blotchet-Halls,saturday ,7372320
Sheryl Hunter,saturday ,10748288
Stearns MacFeather,saturday ,2583066
Sylvia Panteley,saturday ,6689578
Abraham Bennet,sunday   ,21066885
Albert Ringer,sunday   ,28183504
Ann Dull,sunday   ,2255829
Anne Ringer,sunday   ,3796512
Burt Gringlesby,sunday   ,6122302
Charlene Locksley,sunday   ,7676323
Cheryl Carson,sunday   ,5755572
Dean Straight,sunday   ,14771135
Dirk Stringer,sunday   ,79111247
Heather McBadden,sunday   ,19618307
Innes del Castillo,sunday   ,14303851
Johnson White,sunday   ,8019463
Livia Karsen,sunday   ,8950158
Marjorie Green,sunday   ,5411969
Meander Smith,sunday   ,2668015
Michael O'Leary,sunday   ,7948271
Michel DeFrance,sunday   ,38532270
Morningstar Greene,sunday   ,6571522
Reginald Blotchet-Halls,sunday   ,5591901
Sheryl Hunter,sunday   ,7657560
Stearns MacFeather,sunday   ,2987809
Sylvia Panteley,sunday   ,5782736
Abraham Bennet,monday   ,19671740
Albert Ringer,monday   ,28254711
Ann Dull,monday   ,2712203
Anne Ringer,monday   ,3879289
Burt Gringlesby,monday   ,8111966
Charlene Locksley,monday   ,5128936
Cheryl Carson,monday   ,6333900
Dean Straight,monday   ,12918839
Dirk Stringer,monday   ,63199293
Heather McBadden,monday   ,19216564
Innes del Castillo,monday   ,16716283
Johnson White,monday   ,8032192
Livia Karsen,monday   ,8169651
Marjorie Green,monday   ,6826254
Meander Smith,monday   ,3327431
Michael O'Leary,monday   ,11336324
Michel DeFrance,monday   ,37327638
Morningstar Greene,monday   ,4072755
Reginald Blotchet-Halls,monday   ,5372605
Sheryl Hunter,monday   ,9684897
Stearns MacFeather,monday   ,2338365
Sylvia Panteley,monday   ,8247923
Abraham Bennet,tuesday  ,21607321
Albert Ringer,tuesday  ,19590167
Ann Dull,tuesday  ,2189761
Anne Ringer,tuesday  ,2055975
Burt Gringlesby,tuesday  ,7731806
Charlene Locksley,tuesday  ,6575116
Cheryl Carson,tuesday  ,5000418
Dean Straight,tuesday  ,13445559
Dirk Stringer,tuesday  ,44635348
Heather McBadden,tuesday  ,24765369
Innes del Castillo,tuesday  ,18102642
Johnson White,tuesday  ,5756965
Livia Karsen,tuesday  ,673439
Marjorie Green,tuesday  ,7362948
Meander Smith,tuesday  ,3720196
Michael O'Leary,tuesday  ,9651456
Michel DeFrance,tuesday  ,28110091
Morningstar Greene,tuesday  ,4991194
Reginald Blotchet-Halls,tuesday  ,6382907
Sheryl Hunter,tuesday  ,10567439
Stearns MacFeather,tuesday  ,1965385
Sylvia Panteley,tuesday  ,7498056
Abraham Bennet,wednesday,20344917
Albert Ringer,wednesday,38469654
Ann Dull,wednesday,2092065
Anne Ringer,wednesday,2423772
Burt Gringlesby,wednesday,9806982
Charlene Locksley,wednesday,6174561
Cheryl Carson,wednesday,6512972
Dean Straight,wednesday,15346593
Dirk Stringer,wednesday,78385572
Heather McBadden,wednesday,19474457
Innes del Castillo,wednesday,25155539
Johnson White,wednesday,5599162
Livia Karsen,wednesday,4628808
Marjorie Green,wednesday,6208283
Meander Smith,wednesday,2690403
Michael O'Leary,wednesday,9614820
Michel DeFrance,wednesday,28470077
Morningstar Greene,wednesday,2808793
Reginald Blotchet-Halls,wednesday,6309822
Sheryl Hunter,wednesday,8351449
Stearns MacFeather,wednesday,2391676
Sylvia Panteley,wednesday,4880711
Abraham Bennet,thursday ,18885140
Albert Ringer,thursday ,36722577
Ann Dull,thursday ,2437539
Anne Ringer,thursday ,3876155
Burt Gringlesby,thursday ,6634255
Charlene Locksley,thursday ,6251815
Cheryl Carson,thursday ,6251559
Dean Straight,thursday ,11568352
Dirk Stringer,thursday ,62222911
Heather McBadden,thursday ,17671717
Innes del Castillo,thursday ,10880710
Johnson White,thursday ,6029783
Livia Karsen,thursday ,20682034
Marjorie Green,thursday ,6003255
Meander Smith,thursday ,2657194
Michael O'Leary,thursday ,16528313
Michel DeFrance,thursday ,37995313
Morningstar Greene,thursday ,3608747
Reginald Blotchet-Halls,thursday ,6512127
Sheryl Hunter,thursday ,11050922
Stearns MacFeather,thursday ,1920167
Sylvia Panteley,thursday ,7372080
Abraham Bennet,friday   ,22160507
Albert Ringer,friday   ,33823706
Ann Dull,friday   ,3298839
Anne Ringer,friday   ,4568793
Burt Gringlesby,friday   ,7198333
Charlene Locksley,friday   ,8595993
Cheryl Carson,friday   ,2962031
Dean Straight,friday   ,8523072
Dirk Stringer,friday   ,38354981
Heather McBadden,friday   ,13259684
Innes del Castillo,friday   ,15899401
Johnson White,friday   ,10412558
Livia Karsen,friday   ,5342110
Marjorie Green,friday   ,6157136
Meander Smith,friday   ,3720943
Michael O'Leary,friday   ,10548845
Michel DeFrance,friday   ,40102932
Morningstar Greene,friday   ,4472253
Reginald Blotchet-Halls,friday   ,6606098
Sheryl Hunter,friday   ,10946988
Stearns MacFeather,friday   ,2636997
Sylvia Panteley,friday   ,7195051
Abraham Bennet,saturday ,14674934
Albert Ringer,saturday ,26821847
Ann Dull,saturday ,2964125
Anne Ringer,saturday ,3998754
Burt Gringlesby,saturday ,5687234
Charlene Locksley,saturday ,7637315
Cheryl Carson,saturday ,4742773
Dean Straight,saturday ,11404980
Dirk Stringer,saturday ,56443959
Heather McBadden,saturday ,19659611
Innes del Castillo,saturday ,21163211
Johnson White,saturday ,6605222
Livia Karsen,saturday ,10748881
Marjorie Green,saturday ,6657362
Meander Smith,saturday ,4370286
Michael O'Leary,saturday ,6977608
Michel DeFrance,saturday ,41667550
Morningstar Greene,saturday ,3510730
Reginald Blotchet-Halls,saturday ,8026262
Sheryl Hunter,saturday ,5844531
Stearns MacFeather,saturday ,2270692
Sylvia Panteley,saturday ,5889995
Abraham Bennet,sunday   ,16587825
Albert Ringer,sunday   ,20860615
Ann Dull,sunday   ,2677479
Anne Ringer,sunday   ,5533914
Burt Gringlesby,sunday   ,9645608
Charlene Locksley,sunday   ,6061865
Cheryl Carson,sunday   ,5687163
Dean Straight,sunday   ,14096844
Dirk Stringer,sunday   ,32576029
Heather McBadden,sunday   ,19910010
Innes del Castillo,sunday   ,13332276
Johnson White,sunday   ,5725852
Livia Karsen,sunday   ,2713463
Marjorie Green,sunday   ,8958797
Meander Smith,sunday   ,4007742
Michael O'Leary,sunday   ,13946057
Michel DeFrance,sunday   ,32944951
Morningstar Greene,sunday   ,4895257
Reginald Blotchet-Halls,sunday   ,6273259
Sheryl Hunter,sunday   ,10941136
Stearns MacFeather,sunday   ,1358941
Sylvia Panteley,sunday   ,7325398
Abraham Bennet,monday   ,16509283
Albert Ringer,monday   ,29910072
Ann Dull,monday   ,2689773
Anne Ringer,monday   ,1936510
Burt Gringlesby,monday   ,9219625
Charlene Locksley,monday   ,9729581
Cheryl Carson,monday   ,6205078
Dean Straight,monday   ,14515866
Dirk Stringer,monday   ,52340617
Heather McBadden,monday   ,24681656
Innes del Castillo,monday   ,16247973
Johnson White,monday   ,4546079
Livia Karsen,monday   ,8981964
Marjorie Green,monday   ,6401745
Meander Smith,monday   ,3222214
Michael O'Leary,monday   ,8744908
Michel DeFrance,monday   ,30410247
Morningstar Greene,monday   ,4132231
Reginald Blotchet-Halls,monday   ,5380443
Sheryl Hunter,monday   ,10293774
Stearns MacFeather,monday   ,1513021
Sylvia Panteley,monday   ,4866521
Abraham Bennet,tuesday  ,16603819
Albert Ringer,tuesday  ,30275815
Ann Dull,tuesday  ,2859813
Anne Ringer,tuesday  ,2947721
Burt Gringlesby,tuesday  ,7396902
Charlene Locksley,tuesday  ,5854831
Cheryl Carson,tuesday  ,7460749
Dean Straight,tuesday  ,12589649
Dirk Stringer,tuesday  ,44635348
Heather McBadden,tuesday  ,18141873
Innes del Castillo,tuesday  ,17247257
Johnson White,tuesday  ,7411751
Livia Karsen,tuesday  ,10266279
Marjorie Green,tuesday  ,9379302
Meander Smith,tuesday  ,3615725
Michael O'Leary,tuesday  ,17361588
Michel DeFrance,tuesday  ,26310926
Morningstar Greene,tuesday  ,4526581
Reginald Blotchet-Halls,tuesday  ,5148099
Sheryl Hunter,tuesday  ,11991164
Stearns MacFeather,tuesday  ,2241089
Sylvia Panteley,tuesday  ,6591630
Abraham Bennet,wednesday,9907273
Albert Ringer,wednesday,22902821
Ann Dull,wednesday,2102513
Anne Ringer,wednesday,3839468
Burt Gringlesby,wednesday,9106569
Charlene Locksley,wednesday,7792333
Cheryl Carson,wednesday,4503669
Dean Straight,wednesday,8449944
Dirk Stringer,wednesday,30148297
Heather McBadden,wednesday,14830291
Innes del Castillo,wednesday,18311492
Johnson White,wednesday,4354487
Livia Karsen,wednesday,4565196
Marjorie Green,wednesday,4977344
Meander Smith,wednesday,4264321
Michael O'Leary,wednesday,7884156
Michel DeFrance,wednesday,39985658
Morningstar Greene,wednesday,8726918
Reginald Blotchet-Halls,wednesday,3973328
Sheryl Hunter,wednesday,9969974
Stearns MacFeather,wednesday,1773296
Sylvia Panteley,wednesday,7619569
Abraham Bennet,thursday ,10042843
Albert Ringer,thursday ,20766574
Ann Dull,thursday ,3045695
Anne Ringer,thursday ,5696335
Burt Gringlesby,thursday ,9006405
Charlene Locksley,thursday ,6174561
Cheryl Carson,thursday ,3823699
Dean Straight,thursday ,13889364
Dirk Stringer,thursday ,39555623
Heather McBadden,thursday ,16101490
Innes del Castillo,thursday ,17027614
Johnson White,thursday ,7237959
Livia Karsen,thursday ,10454570
Marjorie Green,thursday ,5773657
Meander Smith,thursday ,6528751
Michael O'Leary,thursday ,12178757
Michel DeFrance,thursday ,40847992
Morningstar Greene,thursday ,3607996
Reginald Blotchet-Halls,thursday ,7569412
Sheryl Hunter,thursday ,11704137
Stearns MacFeather,thursday ,1209563
Sylvia Panteley,thursday ,7036646
Abraham Bennet,friday   ,19036186
Albert Ringer,friday   ,26226219
Ann Dull,friday   ,2233711
Anne Ringer,friday   ,4439926
Burt Gringlesby,friday   ,6703814
Charlene Locksley,friday   ,5983589
Cheryl Carson,friday   ,7714244
Dean Straight,friday   ,15440949
Dirk Stringer,friday   ,34502346
Heather McBadden,friday   ,15242538
Innes del Castillo,friday   ,22031964
Johnson White,friday   ,6767066
Livia Karsen,friday   ,14598231
Marjorie Green,friday   ,6131675
Meander Smith,friday   ,2924594
Michael O'Leary,friday   ,7041723
Michel DeFrance,friday   ,36297855
Morningstar Greene,friday   ,3036426
Reginald Blotchet-Halls,friday   ,6281098
Sheryl Hunter,friday   ,8931357
Stearns MacFeather,friday   ,1235796
Sylvia Panteley,friday   ,8815193
Abraham Bennet,saturday ,16454102
Albert Ringer,saturday ,20471624
Ann Dull,saturday ,2701131
Anne Ringer,saturday ,3876155
Burt Gringlesby,saturday ,7440398
Charlene Locksley,saturday ,6623049
Cheryl Carson,saturday ,6301428
Dean Straight,saturday ,10952102
Dirk Stringer,saturday ,56918926
Heather McBadden,saturday ,22401457
Innes del Castillo,saturday ,16171257
Johnson White,saturday ,5667716
Livia Karsen,saturday ,21008152
Marjorie Green,saturday ,4578187
Meander Smith,saturday ,4166316
Michael O'Leary,saturday ,9614820
Michel DeFrance,saturday ,28461321
Morningstar Greene,saturday ,5711896
Reginald Blotchet-Halls,saturday ,6794086
Sheryl Hunter,saturday ,8442021
Stearns MacFeather,saturday ,1893788
Sylvia Panteley,saturday ,5516594
Abraham Bennet,sunday   ,12096793
Albert Ringer,sunday   ,31030884
Ann Dull,sunday   ,2519706
Anne Ringer,sunday   ,3551314
Burt Gringlesby,sunday   ,7868141
Charlene Locksley,sunday   ,5829587
Cheryl Carson,sunday   ,4349912
Dean Straight,sunday   ,13603649
Dirk Stringer,sunday   ,48962950
Heather McBadden,sunday   ,16690650
Innes del Castillo,sunday   ,27101264
Johnson White,sunday   ,8991391
Livia Karsen,sunday   ,14452348
Marjorie Green,sunday   ,9673834
Meander Smith,sunday   ,1934348
Michael O'Leary,sunday   ,9569024
Michel DeFrance,sunday   ,35135999
Morningstar Greene,sunday   ,6506739
Reginald Blotchet-Halls,sunday   ,5257747
Sheryl Hunter,sunday   ,8339744
Stearns MacFeather,sunday   ,2230857
Sylvia Panteley,sunday   ,8452503
Abraham Bennet,monday   ,15735722
Albert Ringer,monday   ,25456686
Ann Dull,monday   ,2954301
Anne Ringer,monday   ,2907900
Burt Gringlesby,monday   ,5394803
Charlene Locksley,monday   ,6501940
Cheryl Carson,monday   ,6205839
Dean Straight,monday   ,11789376
Dirk Stringer,monday   ,28472687
Heather McBadden,monday   ,19061597
Innes del Castillo,monday   ,22771158
Johnson White,monday   ,7958762
Livia Karsen,monday   ,8928954
Marjorie Green,monday   ,8197953
Meander Smith,monday   ,3764226
Michael O'Leary,monday   ,10438935
Michel DeFrance,monday   ,29515426
Morningstar Greene,monday   ,7024879
Reginald Blotchet-Halls,monday   ,5755058
Sheryl Hunter,monday   ,10956449
Stearns MacFeather,monday   ,2083493
Sylvia Panteley,monday   ,6689101
Abraham Bennet,tuesday  ,14224105
Albert Ringer,tuesday  ,16727384
Ann Dull,tuesday  ,2672737
Anne Ringer,tuesday  ,2901631
Burt Gringlesby,tuesday  ,8081361
Charlene Locksley,tuesday  ,8298447
Cheryl Carson,tuesday  ,3073455
Dean Straight,tuesday  ,9466457
Dirk Stringer,tuesday  ,40532006
Heather McBadden,tuesday  ,13461164
Innes del Castillo,tuesday  ,23145836
Johnson White,tuesday  ,6124507
Livia Karsen,tuesday  ,8950158
Marjorie Green,tuesday  ,7259989
Meander Smith,tuesday  ,4721262
Michael O'Leary,tuesday  ,5338537
Michel DeFrance,tuesday  ,24973455
Morningstar Greene,tuesday  ,3253740
Reginald Blotchet-Halls,tuesday  ,8562765
Sheryl Hunter,tuesday  ,9891107
Stearns MacFeather,tuesday  ,2485934
Sylvia Panteley,tuesday  ,7478926
Abraham Bennet,wednesday,17103207
Albert Ringer,wednesday,34870029
Ann Dull,wednesday,3265052
Anne Ringer,wednesday,2016154
Burt Gringlesby,wednesday,6598084
Charlene Locksley,wednesday,6064415
Cheryl Carson,wednesday,4735998
Dean Straight,wednesday,10345486
Dirk Stringer,wednesday,45835990
Heather McBadden,wednesday,23924371
Innes del Castillo,wednesday,17338314
Johnson White,wednesday,8920670
Livia Karsen,wednesday,14179240
Marjorie Green,wednesday,6787005
Meander Smith,wednesday,2616153
Michael O'Leary,wednesday,9614820
Michel DeFrance,wednesday,35905381
Morningstar Greene,wednesday,3538816
Reginald Blotchet-Halls,wednesday,7645126
Sheryl Hunter,wednesday,11937365
Stearns MacFeather,wednesday,2122999
Sylvia Panteley,wednesday,7224449
Abraham Bennet,thursday ,13661615
Albert Ringer,thursday ,32013427
Ann Dull,thursday ,2624018
Anne Ringer,thursday ,4522703
Burt Gringlesby,thursday ,6770590
Charlene Locksley,thursday ,7078169
Cheryl Carson,thursday ,6201309
Dean Straight,thursday ,13019122
Dirk Stringer,thursday ,36428664
Heather McBadden,thursday ,10899019
Innes del Castillo,thursday ,17805651
Johnson White,thursday ,7404049
Livia Karsen,thursday ,8236856
Marjorie Green,thursday ,8916435
Meander Smith,thursday ,4071172
Michael O'Leary,thursday ,6968449
Michel DeFrance,thursday ,34950862
Morningstar Greene,thursday ,4578077
Reginald Blotchet-Halls,thursday ,5775945
Sheryl Hunter,thursday ,8908240
Stearns MacFeather,thursday ,900905
Sylvia Panteley,thursday ,6245484
Abraham Bennet,friday   ,19424100
Albert Ringer,friday   ,27369093
Ann Dull,friday   ,2475185
Anne Ringer,friday   ,3876155
Burt Gringlesby,friday   ,9451582
Charlene Locksley,friday   ,5107264
Cheryl Carson,friday   ,6102332
Dean Straight,friday   ,9310314
Dirk Stringer,friday   ,37629306
Heather McBadden,friday   ,20863702
Innes del Castillo,friday   ,19453414
Johnson White,friday   ,6243156
Livia Karsen,friday   ,14264056
Marjorie Green,friday   ,5041054
Meander Smith,friday   ,5071491
Michael O'Leary,friday   ,9623979
Michel DeFrance,friday   ,37375692
Morningstar Greene,friday   ,4716620
Reginald Blotchet-Halls,friday   ,6594365
Sheryl Hunter,friday   ,11428521
Stearns MacFeather,friday   ,1280809
Sylvia Panteley,friday   ,6882227
Abraham Bennet,saturday ,13941921
Albert Ringer,saturday ,21821393
Ann Dull,saturday ,3128799
Anne Ringer,saturday ,2662702
Burt Gringlesby,saturday ,6462773
Charlene Locksley,saturday ,7392289
Cheryl Carson,saturday ,6985167
Dean Straight,saturday ,16832765
Dirk Stringer,saturday ,39331364
Heather McBadden,saturday ,17366856
Innes del Castillo,saturday ,12850598
Johnson White,saturday ,5911914
Livia Karsen,saturday ,2347482
Marjorie Green,saturday ,5232627
Meander Smith,saturday ,2648615
Michael O'Leary,saturday ,8735749
Michel DeFrance,saturday ,40087366
Morningstar Greene,saturday ,3911420
Reginald Blotchet-Halls,saturday ,8193362
Sheryl Hunter,saturday ,12293798
Stearns MacFeather,saturday ,1549013
Sylvia Panteley,saturday ,8232302
Abraham Bennet,sunday   ,20147122
Albert Ringer,sunday   ,26172999
Ann Dull,sunday   ,2152427
Anne Ringer,sunday   ,3670779
Burt Gringlesby,sunday   ,4517342
Charlene Locksley,sunday   ,5317358
Cheryl Carson,sunday   ,7449444
Dean Straight,sunday   ,14816544
Dirk Stringer,sunday   ,57644601
Heather McBadden,sunday   ,17251073
Innes del Castillo,sunday   ,16351426
Johnson White,sunday   ,4086606
Livia Karsen,sunday   ,8205050
Marjorie Green,sunday   ,5143455
Meander Smith,sunday   ,4679474
Michael O'Leary,sunday   ,7920793
Michel DeFrance,sunday   ,29472650
Morningstar Greene,sunday   ,5788118
Reginald Blotchet-Halls,sunday   ,7680374
Sheryl Hunter,sunday   ,13814241
Stearns MacFeather,sunday   ,1703589
Sylvia Panteley,sunday   ,7122514
Abraham Bennet,monday   ,14425997
Albert Ringer,monday   ,14698449
Ann Dull,monday   ,2322181
Anne Ringer,monday   ,3677047
Burt Gringlesby,monday   ,6562937
Charlene Locksley,monday   ,6548345
Cheryl Carson,monday   ,5315087
Dean Straight,monday   ,11365372
Dirk Stringer,monday   ,43909673
Heather McBadden,monday   ,15195961
Innes del Castillo,monday   ,16573014
Johnson White,monday   ,4928814
Livia Karsen,monday   ,10245075
Marjorie Green,monday   ,5207832
Meander Smith,monday   ,5102458
Michael O'Leary,monday   ,7014245
Michel DeFrance,monday   ,27148172
Morningstar Greene,monday   ,3690979
Reginald Blotchet-Halls,monday   ,7530268
Sheryl Hunter,monday   ,8732950
Stearns MacFeather,monday   ,2233035
Sylvia Panteley,monday   ,5845454
Abraham Bennet,tuesday  ,12264089
Albert Ringer,tuesday  ,37916240
Ann Dull,tuesday  ,2810809
Anne Ringer,tuesday  ,3309250
Burt Gringlesby,tuesday  ,8633570
Charlene Locksley,tuesday  ,5290587
Cheryl Carson,tuesday  ,4817958
Dean Straight,tuesday  ,12359677
Dirk Stringer,tuesday  ,46561665
Heather McBadden,tuesday  ,20795300
Innes del Castillo,tuesday  ,14756848
Johnson White,tuesday  ,8834683
Livia Karsen,tuesday  ,6342715
Marjorie Green,tuesday  ,10163718
Meander Smith,tuesday  ,4752230
Michael O'Leary,tuesday  ,6135175
Michel DeFrance,tuesday  ,40170795
Morningstar Greene,tuesday  ,6684156
Reginald Blotchet-Halls,tuesday  ,7235258
Sheryl Hunter,tuesday  ,13627246
Stearns MacFeather,tuesday  ,2008751
Sylvia Panteley,tuesday  ,7301419
Abraham Bennet,wednesday,13792675
Albert Ringer,wednesday,32101947
Ann Dull,wednesday,2695764
Anne Ringer,wednesday,3149964
Burt Gringlesby,wednesday,10466402
Charlene Locksley,wednesday,8459075
Cheryl Carson,wednesday,4635117
Dean Straight,wednesday,12855372
Dirk Stringer,wednesday,31850354
Heather McBadden,wednesday,17306539
Innes del Castillo,wednesday,18687142
Johnson White,wednesday,6404160
Livia Karsen,wednesday,10255677
Marjorie Green,wednesday,6093983
Meander Smith,wednesday,3308032
Michael O'Leary,wednesday,7032563
Michel DeFrance,wednesday,17948312
Morningstar Greene,wednesday,2068991
Reginald Blotchet-Halls,wednesday,7270510
Sheryl Hunter,wednesday,9322611
Stearns MacFeather,wednesday,1648672
Sylvia Panteley,wednesday,6225907
Abraham Bennet,thursday ,18319611
Albert Ringer,thursday ,28476422
Ann Dull,thursday ,2234621
Anne Ringer,thursday ,3630957
Burt Gringlesby,thursday ,8143594
Charlene Locksley,thursday ,7477702
Cheryl Carson,thursday ,6898296
Dean Straight,thursday ,14929012
Dirk Stringer,thursday ,42207615
Heather McBadden,thursday ,22341241
Innes del Castillo,thursday ,18181302
Johnson White,thursday ,5620750
Livia Karsen,thursday ,8751265
Marjorie Green,thursday ,6193272
Meander Smith,thursday ,2603838
Michael O'Leary,thursday ,6162652
Michel DeFrance,thursday ,28920893
Morningstar Greene,thursday ,5171492
Reginald Blotchet-Halls,thursday ,7138658
Sheryl Hunter,thursday ,11234016
Stearns MacFeather,thursday ,1567318
Sylvia Panteley,thursday ,7812218
Abraham Bennet,friday   ,16393279
Albert Ringer,friday   ,21977013
Ann Dull,friday   ,2947062
Anne Ringer,friday   ,5371494
Burt Gringlesby,friday   ,6058310
Charlene Locksley,friday   ,7047315
Cheryl Carson,friday   ,4038630
Dean Straight,friday   ,11428571
Dirk Stringer,friday   ,58845244
Heather McBadden,friday   ,16117357
Innes del Castillo,friday   ,17752467
Johnson White,friday   ,7663371
Livia Karsen,friday   ,14211046
Marjorie Green,friday   ,6131675
Meander Smith,friday   ,5051344
Michael O'Leary,friday   ,11345483
Michel DeFrance,friday   ,30770233
Morningstar Greene,friday   ,2953676
Reginald Blotchet-Halls,friday   ,7599454
Sheryl Hunter,friday   ,10758042
Stearns MacFeather,friday   ,2209183
Sylvia Panteley,friday   ,6535636
Abraham Bennet,saturday ,14873161
Albert Ringer,saturday ,22810546
Ann Dull,saturday ,2507724
Anne Ringer,saturday ,3597404
Burt Gringlesby,saturday ,8075794
Charlene Locksley,saturday ,8152604
Cheryl Carson,saturday ,4743154
Dean Straight,saturday ,12712366
Dirk Stringer,saturday ,61022268
Heather McBadden,saturday ,18556996
Innes del Castillo,saturday ,13487311
Johnson White,saturday ,6823514
Livia Karsen,saturday ,11525795
Marjorie Green,saturday ,6477129
Meander Smith,saturday ,6476142
Michael O'Leary,saturday ,9605660
Michel DeFrance,saturday ,25182914
Morningstar Greene,saturday ,6392886
Reginald Blotchet-Halls,saturday ,8513154
Sheryl Hunter,saturday ,10270657
Stearns MacFeather,saturday ,1815881
Sylvia Panteley,saturday ,4041052
Abraham Bennet,sunday   ,21347937
Albert Ringer,sunday   ,19176579
Ann Dull,sunday   ,2030766
Anne Ringer,sunday   ,4360283
Burt Gringlesby,sunday   ,7253241
Charlene Locksley,sunday   ,6520551
Cheryl Carson,sunday   ,4847042
Dean Straight,sunday   ,11637356
Dirk Stringer,sunday   ,36903631
Heather McBadden,sunday   ,11075161
Innes del Castillo,sunday   ,19619873
Johnson White,sunday   ,5108512
Livia Karsen,sunday   ,16850295
Marjorie Green,sunday   ,8710742
Meander Smith,sunday   ,3233034
Michael O'Leary,sunday   ,9623979
Michel DeFrance,sunday   ,36665242
Morningstar Greene,sunday   ,3687482
Reginald Blotchet-Halls,sunday   ,6035702
Sheryl Hunter,sunday   ,11135641
Stearns MacFeather,sunday   ,2144324
Sylvia Panteley,sunday   ,8478835
Abraham Bennet,monday   ,9932043
Albert Ringer,monday   ,26993333
Ann Dull,monday   ,3073179
Anne Ringer,monday   ,4118219
Burt Gringlesby,monday   ,9049902
Charlene Locksley,monday   ,5268915
Cheryl Carson,monday   ,5936890
Dean Straight,monday   ,10529994
Dirk Stringer,monday   ,67051928
Heather McBadden,monday   ,26181677
Innes del Castillo,monday   ,16339660
Johnson White,monday   ,9958601
Livia Karsen,monday   ,5015993
Marjorie Green,monday   ,8020500
Meander Smith,monday   ,3616472
Michael O'Leary,monday   ,13891102
Michel DeFrance,monday   ,31028512
Morningstar Greene,monday   ,4449411
Reginald Blotchet-Halls,monday   ,8353894
Sheryl Hunter,monday   ,9359146
Stearns MacFeather,monday   ,1519061
Sylvia Panteley,monday   ,8072051
Abraham Bennet,tuesday  ,20029447
Albert Ringer,tuesday  ,20062425
Ann Dull,tuesday  ,2168241
Anne Ringer,tuesday  ,4363417
Burt Gringlesby,tuesday  ,9109352
Charlene Locksley,tuesday  ,6144729
Cheryl Carson,tuesday  ,5369106
Dean Straight,tuesday  ,14244740
Dirk Stringer,tuesday  ,64874903
Heather McBadden,tuesday  ,16687060
Innes del Castillo,tuesday  ,15548254
Johnson White,tuesday  ,7596476
Livia Karsen,tuesday  ,12086206
Marjorie Green,tuesday  ,8467690
Meander Smith,tuesday  ,3935733
Michael O'Leary,tuesday  ,8772386
Michel DeFrance,tuesday  ,34165148
Morningstar Greene,tuesday  ,4051662
Reginald Blotchet-Halls,tuesday  ,4051667
Sheryl Hunter,tuesday  ,11998968
Stearns MacFeather,tuesday  ,2545533
Sylvia Panteley,tuesday  ,7705850
Abraham Bennet,wednesday,12599948
Albert Ringer,wednesday,30008011
Ann Dull,wednesday,2717257
Anne Ringer,wednesday,3146829
Burt Gringlesby,wednesday,5662931
Charlene Locksley,wednesday,7106468
Cheryl Carson,wednesday,5845069
Dean Straight,wednesday,16759018
Dirk Stringer,wednesday,39555623
Heather McBadden,wednesday,26011432
Innes del Castillo,wednesday,12306885
Johnson White,wednesday,7627868
Livia Karsen,wednesday,14356930
Marjorie Green,wednesday,5708057
Meander Smith,wednesday,3997669
Michael O'Leary,wednesday,9550705
Michel DeFrance,wednesday,34767847
Morningstar Greene,wednesday,5013653
Reginald Blotchet-Halls,wednesday,5748534
Sheryl Hunter,wednesday,10401609
Stearns MacFeather,wednesday,926791
Sylvia Panteley,wednesday,4939059
Abraham Bennet,thursday ,19373428
Albert Ringer,thursday ,40106741
Ann Dull,thursday ,2486855
Anne Ringer,thursday ,3915977
Burt Gringlesby,thursday ,6276072
Charlene Locksley,thursday ,6193173
Cheryl Carson,thursday ,4921845
Dean Straight,thursday ,11270478
Dirk Stringer,thursday ,58146017
Heather McBadden,thursday ,25799861
Innes del Castillo,thursday ,19504655
Johnson White,thursday ,8091555
Livia Karsen,thursday ,12096808
Marjorie Green,thursday ,5526268
Meander Smith,thursday ,4103634
Michael O'Leary,thursday ,6135175
Michel DeFrance,thursday ,32785667
Morningstar Greene,thursday ,4641149
Reginald Blotchet-Halls,thursday ,6068326
Sheryl Hunter,thursday ,11937365
Stearns MacFeather,thursday ,1070765
Sylvia Panteley,thursday ,3129778
Abraham Bennet,friday   ,18453243
Albert Ringer,friday   ,20830150
Ann Dull,friday   ,2751045
Anne Ringer,friday   ,3670779
Burt Gringlesby,friday   ,6909709
Charlene Locksley,friday   ,7236248
Cheryl Carson,friday   ,5236515
Dean Straight,friday   ,13483406
Dirk Stringer,friday   ,50414300
Heather McBadden,friday   ,18008850
Innes del Castillo,friday   ,8974460
Johnson White,friday   ,6289168
Livia Karsen,friday   ,24432372
Marjorie Green,friday   ,4757530
Meander Smith,friday   ,3625799
Michael O'Leary,friday   ,11281368
Michel DeFrance,friday   ,39627794
Morningstar Greene,friday   ,5039426
Reginald Blotchet-Halls,friday   ,5796831
Sheryl Hunter,friday   ,13234041
Stearns MacFeather,friday   ,1826463
Sylvia Panteley,friday   ,3521833
Abraham Bennet,saturday ,11152563
Albert Ringer,saturday ,28232645
Ann Dull,saturday ,2442620
Anne Ringer,saturday ,3958932
Burt Gringlesby,saturday ,9537094
Charlene Locksley,saturday ,6811471
Cheryl Carson,saturday ,5057062
Dean Straight,saturday ,11858312
Dirk Stringer,saturday ,35702989
Heather McBadden,saturday ,23217666
Innes del Castillo,saturday ,19917836
Johnson White,saturday ,5853452
Livia Karsen,saturday ,5069003
Marjorie Green,saturday ,8429107
Meander Smith,saturday ,3658261
Michael O'Leary,saturday ,7142474
Michel DeFrance,saturday ,34114973
Morningstar Greene,saturday ,4308651
Reginald Blotchet-Halls,saturday ,5816410
Sheryl Hunter,saturday ,12394124
Stearns MacFeather,saturday ,1740547
Sylvia Panteley,saturday ,4239566
Abraham Bennet,sunday   ,16908575
Albert Ringer,sunday   ,24462884
Ann Dull,sunday   ,2048142
Anne Ringer,sunday   ,3107008
Burt Gringlesby,sunday   ,7891142
Charlene Locksley,sunday   ,5770945
Cheryl Carson,sunday   ,4614713
Dean Straight,sunday   ,10474761
Dirk Stringer,sunday   ,51139975
Heather McBadden,sunday   ,23060992
Innes del Castillo,sunday   ,20034998
Johnson White,sunday   ,4247426
Livia Karsen,sunday   ,12065002
Marjorie Green,sunday   ,8532066
Meander Smith,sunday   ,4987914
Michael O'Leary,sunday   ,6199289
Michel DeFrance,sunday   ,22038112
Morningstar Greene,sunday   ,4416310
Reginald Blotchet-Halls,sunday   ,4458906
Sheryl Hunter,sunday   ,10389904
Stearns MacFeather,sunday   ,1732126
Sylvia Panteley,sunday   ,8598979
Abraham Bennet,monday   ,19081231
Albert Ringer,monday   ,21975272
Ann Dull,monday   ,2810497
Anne Ringer,monday   ,3392027
Burt Gringlesby,monday   ,8707672
Charlene Locksley,monday   ,8144956
Cheryl Carson,monday   ,2551772
Dean Straight,monday   ,10724538
Dirk Stringer,monday   ,53066292
Heather McBadden,monday   ,20404419
Innes del Castillo,monday   ,14394907
Johnson White,monday   ,5077972
Livia Karsen,monday   ,7392737
Marjorie Green,monday   ,7173264
Meander Smith,monday   ,5052091
Michael O'Leary,monday   ,5347696
Michel DeFrance,monday   ,33563215
Morningstar Greene,monday   ,5105010
Reginald Blotchet-Halls,monday   ,9520827
Sheryl Hunter,monday   ,9964121
Stearns MacFeather,monday   ,2399235
Sylvia Panteley,monday   ,7928405
Abraham Bennet,tuesday  ,13162307
Albert Ringer,tuesday  ,34051169
Ann Dull,tuesday  ,3259034
Anne Ringer,tuesday  ,4200996
Burt Gringlesby,tuesday  ,8372768
Charlene Locksley,tuesday  ,8382838
Cheryl Carson,tuesday  ,3306165
Dean Straight,tuesday  ,10576320
Dirk Stringer,tuesday  ,46561665
Heather McBadden,tuesday  ,20339486
Innes del Castillo,tuesday  ,26697904
Johnson White,tuesday  ,4170997
Livia Karsen,tuesday  ,14672445
Marjorie Green,tuesday  ,8315365
Meander Smith,tuesday  ,4475504
Michael O'Leary,tuesday  ,7014245
Michel DeFrance,tuesday  ,32827677
Morningstar Greene,tuesday  ,2879019
Reginald Blotchet-Halls,tuesday  ,5447004
Sheryl Hunter,tuesday  ,9214776
Stearns MacFeather,tuesday  ,2128177
Sylvia Panteley,tuesday  ,6824419
Abraham Bennet,wednesday,13280202
Albert Ringer,wednesday,24858998
Ann Dull,wednesday,1839830
Anne Ringer,wednesday,2861810
Burt Gringlesby,wednesday,8107423
Charlene Locksley,wednesday,7746950
Cheryl Carson,wednesday,3720192
Dean Straight,wednesday,11774409
Dirk Stringer,wednesday,48237275
Heather McBadden,wednesday,15305197
Innes del Castillo,wednesday,19373151
Johnson White,wednesday,5735002
Livia Karsen,wednesday,16198061
Marjorie Green,wednesday,7273776
Meander Smith,wednesday,4082740
Michael O'Leary,wednesday,9587342
Michel DeFrance,wednesday,26755698
Morningstar Greene,wednesday,5342273
Reginald Blotchet-Halls,wednesday,4936642
Sheryl Hunter,wednesday,10392148
Stearns MacFeather,wednesday,1209910
Sylvia Panteley,wednesday,8443192
Abraham Bennet,thursday ,13635252
Albert Ringer,thursday ,26312660
Ann Dull,thursday ,2546593
Anne Ringer,thursday ,5049787
Burt Gringlesby,thursday ,9044335
Charlene Locksley,thursday ,7612582
Cheryl Carson,thursday ,4009927
Dean Straight,thursday ,16703638
Dirk Stringer,thursday ,60771561
Heather McBadden,thursday ,18692829
Innes del Castillo,thursday ,27022945
Johnson White,thursday ,5573860
Livia Karsen,thursday ,17272880
Marjorie Green,thursday ,6156803
Meander Smith,thursday ,2689656
Michael O'Leary,thursday ,7050882
Michel DeFrance,thursday ,36733105
Morningstar Greene,thursday ,3832120
Reginald Blotchet-Halls,thursday ,6016130
Sheryl Hunter,thursday ,5910034
Stearns MacFeather,thursday ,1772105
Sylvia Panteley,thursday ,6525847
Abraham Bennet,friday   ,15885937
Albert Ringer,friday   ,16731498
Ann Dull,friday   ,2673022
Anne Ringer,friday   ,3107008
Burt Gringlesby,friday   ,6739986
Charlene Locksley,friday   ,8337455
Cheryl Carson,friday   ,6466871
Dean Straight,friday   ,14156175
Dirk Stringer,friday   ,46310958
Heather McBadden,friday   ,15785433
Innes del Castillo,friday   ,12072901
Johnson White,friday   ,4803816
Livia Karsen,friday   ,5015993
Marjorie Green,friday   ,8739316
Meander Smith,friday   ,5359784
Michael O'Leary,friday   ,11308846
Michel DeFrance,friday   ,29265313
Morningstar Greene,friday   ,3000297
Reginald Blotchet-Halls,friday   ,7583774
Sheryl Hunter,friday   ,15500165
Stearns MacFeather,friday   ,2935073
Sylvia Panteley,friday   ,10983026
Abraham Bennet,saturday ,14825773
Albert Ringer,saturday ,37100461
Ann Dull,saturday ,2173635
Anne Ringer,saturday ,4240818
Burt Gringlesby,saturday ,7031393
Charlene Locksley,saturday ,6540696
Cheryl Carson,saturday ,6437788
Dean Straight,saturday ,6822583
Dirk Stringer,saturday ,34726606
Heather McBadden,saturday ,18972321
Innes del Castillo,saturday ,24650329
Johnson White,saturday ,6724852
Livia Karsen,saturday ,16758471
Marjorie Green,saturday ,8944343
Meander Smith,saturday ,5380679
Michael O'Leary,saturday ,7911634
Michel DeFrance,saturday ,30527521
Morningstar Greene,saturday ,7003798
Reginald Blotchet-Halls,saturday ,6363332
Sheryl Hunter,saturday ,9889156
Stearns MacFeather,saturday ,1241693
Sylvia Panteley,saturday ,7277410
Abraham Bennet,sunday   ,11139121
Albert Ringer,sunday   ,20192637
Ann Dull,sunday   ,1844599
Anne Ringer,sunday   ,2745479
Burt Gringlesby,sunday   ,11687396
Charlene Locksley,sunday   ,5322457
Cheryl Carson,sunday   ,4764320
Dean Straight,sunday   ,10265668
Dirk Stringer,sunday   ,49213657
Heather McBadden,sunday   ,13424900
Innes del Castillo,sunday   ,18076535
Johnson White,sunday   ,6565113
Livia Karsen,sunday   ,3479775
Marjorie Green,sunday   ,8982035
Meander Smith,sunday   ,3338252
Michael O'Leary,sunday   ,12169598
Michel DeFrance,sunday   ,25525978
Morningstar Greene,sunday   ,4933133
Reginald Blotchet-Halls,sunday   ,5577538
Sheryl Hunter,sunday   ,10199301
Stearns MacFeather,sunday   ,1795669
Sylvia Panteley,sunday   ,4138077
Abraham Bennet,monday   ,14293368
Albert Ringer,monday   ,19939383
Ann Dull,monday   ,2272865
Anne Ringer,monday   ,2864944
Burt Gringlesby,monday   ,7760651
Charlene Locksley,monday   ,6596278
Cheryl Carson,monday   ,5389891
Dean Straight,monday   ,10419113
Dirk Stringer,monday   ,52340617
Heather McBadden,monday   ,15182089
Innes del Castillo,monday   ,24093249
Johnson White,monday   ,7521541
Livia Karsen,monday   ,12139216
Marjorie Green,monday   ,4951882
Meander Smith,monday   ,2977203
Michael O'Leary,monday   ,7911634
Michel DeFrance,monday   ,40864914
Morningstar Greene,monday   ,6364983
Reginald Blotchet-Halls,monday   ,5535762
Sheryl Hunter,monday   ,10457359
Stearns MacFeather,monday   ,2290808
Sylvia Panteley,monday   ,7074463
Abraham Bennet,tuesday  ,16499640
Albert Ringer,tuesday  ,21643203
Ann Dull,tuesday  ,2536457
Anne Ringer,tuesday  ,3548180
Burt Gringlesby,tuesday  ,6699272
Charlene Locksley,tuesday  ,8260201
Cheryl Carson,tuesday  ,4615093
Dean Straight,tuesday  ,14882540
Dirk Stringer,tuesday  ,54293382
Heather McBadden,tuesday  ,22587382
Innes del Castillo,tuesday  ,15536489
Johnson White,tuesday  ,7378500
Livia Karsen,tuesday  ,12118012
Marjorie Green,tuesday  ,6003255
Meander Smith,tuesday  ,3988342
Michael O'Leary,tuesday  ,7847519
Michel DeFrance,tuesday  ,37309950
Morningstar Greene,tuesday  ,3048862
Reginald Blotchet-Halls,tuesday  ,4439330
Sheryl Hunter,tuesday  ,12068373
Stearns MacFeather,tuesday  ,2121787
Sylvia Panteley,tuesday  ,7523944
Abraham Bennet,wednesday,14507824
Albert Ringer,wednesday,28261261
Ann Dull,wednesday,2607579
Anne Ringer,wednesday,2622880
Burt Gringlesby,wednesday,8026453
Charlene Locksley,wednesday,8169178
Cheryl Carson,wednesday,4897291
Dean Straight,wednesday,14399905
Dirk Stringer,wednesday,47762307
Heather McBadden,wednesday,19791127
Innes del Castillo,wednesday,19400230
Johnson White,wednesday,6699004
Livia Karsen,wednesday,6594619
Marjorie Green,wednesday,7723746
Meander Smith,wednesday,2657194
Michael O'Leary,wednesday,10466412
Michel DeFrance,wednesday,32442603
Morningstar Greene,wednesday,4797941
Reginald Blotchet-Halls,wednesday,5722435
Sheryl Hunter,wednesday,7170175
Stearns MacFeather,wednesday,1575023
Sylvia Panteley,wednesday,9033761
Abraham Bennet,thursday ,16903727
Albert Ringer,thursday ,22474773
Ann Dull,thursday ,3144613
Anne Ringer,thursday ,2745479
Burt Gringlesby,thursday ,7868141
Charlene Locksley,thursday ,7803042
Cheryl Carson,thursday ,4849668
Dean Straight,thursday ,8094512
Dirk Stringer,thursday ,48013015
Heather McBadden,thursday ,22387563
Innes del Castillo,thursday ,16793629
Johnson White,thursday ,7137955
Livia Karsen,thursday ,10234473
Marjorie Green,thursday ,6298120
Meander Smith,thursday ,5008061
Michael O'Leary,thursday ,8799864
Michel DeFrance,thursday ,29105264
Morningstar Greene,thursday ,6650676
Reginald Blotchet-Halls,thursday ,7018591
Sheryl Hunter,thursday ,12135772
Stearns MacFeather,thursday ,2198950
Sylvia Panteley,thursday ,6000765
Abraham Bennet,friday   ,15841924
Albert Ringer,friday   ,19411237
Ann Dull,friday   ,2508973
Anne Ringer,friday   ,4035441
Burt Gringlesby,friday   ,6071937
Charlene Locksley,friday   ,5822450
Cheryl Carson,friday   ,4217322
Dean Straight,friday   ,13490081
Dirk Stringer,friday   ,38354981
Heather McBadden,friday   ,24152400
Innes del Castillo,friday   ,19425364
Johnson White,friday   ,8655161
Livia Karsen,friday   ,13650636
Marjorie Green,friday   ,7004039
Meander Smith,friday   ,3296464
Michael O'Leary,friday   ,6245085
Michel DeFrance,friday   ,21778477
Morningstar Greene,friday   ,4594295
Reginald Blotchet-Halls,friday   ,6791457
Sheryl Hunter,friday   ,13842917
Stearns MacFeather,friday   ,1364835
Sylvia Panteley,friday   ,6038581
Abraham Bennet,saturday ,19758893
Albert Ringer,saturday ,23325086
Ann Dull,saturday ,2503579
Anne Ringer,saturday ,4038576
Burt Gringlesby,saturday ,7767977
Charlene Locksley,saturday ,9667879
Cheryl Carson,saturday ,3513178
Dean Straight,saturday ,11613079
Dirk Stringer,saturday ,54042674
Heather McBadden,saturday ,21536718
Innes del Castillo,saturday ,13954648
Johnson White,saturday ,8176561
Livia Karsen,saturday ,6374521
Marjorie Green,saturday ,5272208
Meander Smith,saturday ,2615406
Michael O'Leary,saturday ,8772386
Michel DeFrance,saturday ,39777556
Morningstar Greene,saturday ,4807213
Reginald Blotchet-Halls,saturday ,4663839
Sheryl Hunter,saturday ,9682946
Stearns MacFeather,saturday ,1774139
Sylvia Panteley,saturday ,7493592
Abraham Bennet,sunday   ,19788390
Albert Ringer,sunday   ,36161874
Ann Dull,sunday   ,3293160
Anne Ringer,sunday   ,2665836
Burt Gringlesby,sunday   ,5524837
Charlene Locksley,sunday   ,6894335
Cheryl Carson,sunday   ,2969948
Dean Straight,sunday   ,13269406
Dirk Stringer,sunday   ,48013015
Heather McBadden,sunday   ,20044773
Innes del Castillo,sunday   ,10363735
Johnson White,sunday   ,5458343
Livia Karsen,sunday   ,16208663
Marjorie Green,sunday   ,4950326
Meander Smith,sunday   ,4679474
Michael O'Leary,sunday   ,5329378
Michel DeFrance,sunday   ,19670858
Morningstar Greene,sunday   ,3663125
Reginald Blotchet-Halls,sunday   ,5542286
Sheryl Hunter,sunday   ,9106647
Stearns MacFeather,sunday   ,2202793
Sylvia Panteley,sunday   ,7657354
Abraham Bennet,monday   ,20349447
Albert Ringer,monday   ,26778061
Ann Dull,monday   ,3057365
Anne Ringer,monday   ,3024230
Burt Gringlesby,monday   ,9162958
Charlene Locksley,monday   ,7367556
Cheryl Carson,monday   ,4910540
Dean Straight,monday   ,15326227
Dirk Stringer,monday   ,41481941
Heather McBadden,monday   ,18314124
Innes del Castillo,monday   ,21642314
Johnson White,monday   ,8465661
Livia Karsen,monday   ,7921341
Marjorie Green,monday   ,8467690
Meander Smith,monday   ,3008917
Michael O'Leary,monday   ,4459467
Michel DeFrance,monday   ,25893364
Morningstar Greene,monday   ,4313995
Reginald Blotchet-Halls,monday   ,5196399
Sheryl Hunter,monday   ,9615491
Stearns MacFeather,monday   ,2326797
Sylvia Panteley,monday   ,4379732
Abraham Bennet,tuesday  ,16995969
Albert Ringer,tuesday  ,27775418
Ann Dull,tuesday  ,1674871
Anne Ringer,tuesday  ,2864944
Burt Gringlesby,tuesday  ,8638113
Charlene Locksley,tuesday  ,6598827
Cheryl Carson,tuesday  ,4085112
Dean Straight,tuesday  ,12594902
Dirk Stringer,tuesday  ,54992609
Heather McBadden,tuesday  ,13369111
Innes del Castillo,tuesday  ,21240558
Johnson White,tuesday  ,6533304
Livia Karsen,tuesday  ,11866108
Marjorie Green,tuesday  ,3910294
Meander Smith,tuesday  ,5072238
Michael O'Leary,tuesday  ,7920793
Michel DeFrance,tuesday  ,36573056
Morningstar Greene,tuesday  ,5276036
Reginald Blotchet-Halls,tuesday  ,5734172
Sheryl Hunter,tuesday  ,9723327
Stearns MacFeather,tuesday  ,1647976
Sylvia Panteley,tuesday  ,5918946
